id,roll_no,name,age
1014,1001,Jesus Yu,30
1015,1002,Robert Bonilla,26
1016,1003,Jamie Taylor,18
1017,1004,Reginald Peterson,26
1018,1005,Ms. Janet Mitchell DDS,19
1019,1006,Kaitlyn Sanders,29
1020,1007,Douglas Duran,29
1021,1008,Alison Hale,21
1022,1009,Michael Everett,30
1023,1010,Craig Padilla,22
1024,1011,Ronald Nguyen,30
1025,1012,Thomas Price,19
1026,1013,Charles Thomas,21
1027,1014,Stephen Benjamin,18
1028,1015,Mrs. Christina Hall DDS,21
1029,1016,Rebecca Brennan,19
1030,1017,Anna Moore,21
1031,1018,Angela Carr,21
1032,1019,Jason Bradshaw,28
1033,1020,Timothy Cox,24
1034,1021,Michelle Vazquez,22
1035,1022,April Norris,30
1036,1023,Jerry Holt,25
1037,1024,Brandon Cardenas,19
1038,1025,Rhonda Barron,25
1039,1026,Brett Johnson,24
1040,1027,Sharon Hernandez,21
1041,1028,Sarah Sims,20
1042,1029,Sheila Henderson,25
1043,1030,Tina Wright,25
1044,1031,James Randolph,29
1045,1032,Tamara Massey,20
1046,1033,Bradley Fowler,30
1047,1034,Heidi Lawrence,25
1048,1035,Kenneth Coffey,22
1049,1036,Jasmine Brooks,29
1050,1037,Daniel Hunter,26
1051,1038,Pamela Moody,30
1052,1039,Elizabeth Hurst,21
1053,1040,Michelle Peterson,27
1054,1041,Annette Jones,18
1055,1042,Michael Gray,20
1056,1043,Cindy Waters,22
1057,1044,Aaron White,20
1058,1045,Nathan Hutchinson,30
1059,1046,Matthew Chen,29
1060,1047,Michelle Flynn,18
1061,1048,Corey Smith,20
1062,1049,James Jackson,23
1063,1050,Ronald Mendez,23
1064,1051,Jennifer Mueller,25
1065,1052,Catherine Guerrero,18
1066,1053,Amanda Gordon,25
1067,1054,Ronald Bowman,29
1068,1055,Jerome Gonzales,29
1069,1056,Kyle Stephens,22
1070,1057,Joshua Nelson,29
1071,1058,Carlos Miller,23
1072,1059,Joseph Dennis,23
1073,1060,Linda Abbott,28
1074,1061,Noah Logan,30
1075,1062,Kathy Hensley,23
1076,1063,Sheila Johnston,20
1077,1064,Tyrone Bradshaw,30
1078,1065,Jasmine Harris,30
1079,1066,Christian Bell,19
1080,1067,James Obrien,18
1081,1068,Jeremy Welch,24
1082,1069,Stephanie Villa,19
1083,1070,Jorge Petty,30
1084,1071,Morgan Brewer,18
1085,1072,Angela Chavez,22
1086,1073,Dylan Cantrell,21
1087,1074,Zachary Brown,20
1088,1075,Deborah Brown,29
1089,1076,Sarah Sullivan,21
1090,1077,Laura Woods,22
1091,1078,Hunter Robinson,26
1092,1079,William Merritt,28
1093,1080,Kelsey Wong,22
1094,1081,Christopher Lewis,25
1095,1082,Gary Anderson,20
1096,1083,Caitlin Bishop,22
1097,1084,Lori Rogers,28
1098,1085,Susan Stephenson,19
1099,1086,Charlene Stone,25
1100,1087,Jason Singh,19
1101,1088,Roy Robinson,23
1102,1089,Allen Hutchinson,24
1103,1090,Justin Henry,20
1104,1091,Daniel Gibson,18
1105,1092,Brett Walker,26
1106,1093,Chelsea Perez,25
1107,1094,Micheal Ortiz,21
1108,1095,Mrs. Leslie Smith,28
1109,1096,Aaron Bell,24
1110,1097,Devin Acosta,19
1111,1098,Joshua Baker,27
1112,1099,Sandra Walker,24
1113,1100,Matthew Levine,29
1114,1101,Joshua Kelley,20
1115,1102,Daniel Jones,30
1116,1103,Kurt Walker,20
1117,1104,Sean Fitzgerald,27
1118,1105,Aaron Bruce,20
1119,1106,Sharon Ford,30
1120,1107,George Flores,29
1121,1108,Brandon Goodman,21
1122,1109,Michael Smith,30
1123,1110,Megan Acosta,22
1124,1111,Sara Cooley,28
1125,1112,Stephanie Gomez,18
1126,1113,Rhonda Moss,25
1127,1114,Catherine Walker,25
1128,1115,Cynthia Dunlap,27
1129,1116,Antonio Lewis,28
1130,1117,Richard May,28
1131,1118,Douglas Ingram,27
1132,1119,Catherine Hardin,19
1133,1120,Scott Moore,25
1134,1121,Nicole Lyons,24
1135,1122,Scott Peterson,20
1136,1123,Belinda Wright,30
1137,1124,Mark Gonzales,20
1138,1125,Andrew Higgins,23
1139,1126,Linda Mason,22
1140,1127,Richard West,18
1141,1128,Paul Heath,23
1142,1129,Ricky Gordon,28
1143,1130,Javier Martin,25
1144,1131,Stephanie George,24
1145,1132,Paige Lawrence,21
1146,1133,Debra Harris,21
1147,1134,Timothy Mccall,25
1148,1135,Joseph Gardner,29
1149,1136,John Smith,21
1150,1137,Diane Nguyen,28
1151,1138,Nicole Erickson,24
1152,1139,Lisa Stevens,20
1153,1140,Angela Simon,23
1154,1141,Bryce Williams,19
1155,1142,Lisa Finley,18
1156,1143,Victor Peters,30
1157,1144,Beth Rivas,21
1158,1145,Brian Johnson,18
1159,1146,William Young,30
1160,1147,James Reynolds,26
1161,1148,Jon Martin,27
1162,1149,Shannon Mccoy,29
1163,1150,Justin Carpenter,18
1164,1151,Robert Blake,20
1165,1152,Jacob Cooper,22
1166,1153,John Mckee,21
1167,1154,Michael Lin,22
1168,1155,Ronald Flores,22
1169,1156,Eric Osborn,22
1170,1157,Steven King,20
1171,1158,Nicholas Hines,29
1172,1159,Joshua Rose,18
1173,1160,Carlos King,24
1174,1161,Christine Bridges,22
1175,1162,Juan Black,24
1176,1163,Melissa Moreno,26
1177,1164,Alejandro Johnson,30
1178,1165,Donna Sutton,24
1179,1166,Alexis Green,28
1180,1167,Claudia James,30
1181,1168,Emily Luna,26
1182,1169,Cynthia Small,22
1183,1170,Tiffany Dickerson,30
1184,1171,Kristen Mitchell,29
1185,1172,Christopher King,29
1186,1173,Anthony Welch,27
1187,1174,Dr. Rachel Nelson,20
1188,1175,Matthew Burns,24
1189,1176,Michael Hall MD,24
1190,1177,Eddie Mitchell,25
1191,1178,Brendan Ramsey,28
1192,1179,Bernard Griffin,26
1193,1180,Krystal Patterson,29
1194,1181,Brian Hunt,22
1195,1182,Larry Schwartz,29
1196,1183,Richard Mills,23
1197,1184,David Lee,25
1198,1185,Tara Saunders,20
1199,1186,Amanda Rodriguez,30
1200,1187,John Johnson,24
1201,1188,Cindy Fowler,26
1202,1189,Sarah Conner,24
1203,1190,Sarah Boyd,20
1204,1191,Sharon Ruiz,20
1205,1192,Bryan Perry,29
1206,1193,Matthew Mitchell,20
1207,1194,Joseph Schmidt,25
1208,1195,Antonio Andrews,23
1209,1196,Jordan Jenkins,26
1210,1197,Dr. Christine Duncan,24
1211,1198,Justin Harmon,23
1212,1199,Michael Kline,24
1213,1200,Denise Martin,19
1214,1201,Aaron Patrick,22
1215,1202,Carla Nelson,27
1216,1203,Alan Riley,19
1217,1204,Nathan Garrett,26
1218,1205,Bryan Rivera,22
1219,1206,Brian Smith,22
1220,1207,Paul Roman,22
1221,1208,Megan Burgess,19
1222,1209,Peter Tucker,19
1223,1210,Stephanie Cordova,18
1224,1211,David Ruiz,20
1225,1212,Sarah Jenkins,24
1226,1213,Justin Lewis,21
1227,1214,Adrienne Bishop,28
1228,1215,Bruce Williams,30
1229,1216,David Rowland,30
1230,1217,Jacob Mejia,28
1231,1218,Justin Ball,20
1232,1219,Emily Morgan,18
1233,1220,Eric Mosley,26
1234,1221,John Martin,30
1235,1222,Tracey Moore,24
1236,1223,Victor Campbell,19
1237,1224,Taylor Ramirez,21
1238,1225,Rachel Baker,23
1239,1226,Anna Drake,28
1240,1227,Elizabeth Lambert,22
1241,1228,Samuel Elliott,30
1242,1229,Dakota Diaz,19
1243,1230,Emma Luna,28
1244,1231,Christopher Zamora,30
1245,1232,Jessica Patel,20
1246,1233,Kimberly Miller,21
1247,1234,Lee Thomas,30
1248,1235,Terri Hanson,27
1249,1236,Javier Nelson,26
1250,1237,John Cooley,27
1251,1238,Theodore York,26
1252,1239,Kelly Brown,18
1253,1240,Jacob Bailey,29
1254,1241,Rebecca Beck,23
1255,1242,Brett White,29
1256,1243,Logan Jordan,25
1257,1244,Ian Jones,23
1258,1245,Jacob Gibbs,23
1259,1246,Richard Golden,18
1260,1247,Ariel Guzman,28
1261,1248,Grant Wilson,23
1262,1249,Amy Lindsey,18
1263,1250,Steven Foster,25
1264,1251,Hayley Green,27
1265,1252,Eric Ballard,21
1266,1253,Eileen Payne,20
1267,1254,Erik Chambers,19
1268,1255,James Greene,22
1269,1256,Jonathan Stevens,21
1270,1257,Michelle Hall,23
1271,1258,Mary Stephenson,29
1272,1259,Daniel Bruce,28
1273,1260,Robert Barrett,20
1274,1261,Sharon Calderon,28
1275,1262,Linda Erickson,24
1276,1263,John Giles,21
1277,1264,Ryan Hester,19
1278,1265,Alice Burnett,27
1279,1266,Jacqueline Jones,27
1280,1267,Nancy Hardy,30
1281,1268,Thomas Willis,23
1282,1269,Stephen Santos,29
1283,1270,Andrew Bennett,29
1284,1271,Antonio Duke,26
1285,1272,John Jones,22
1286,1273,Christopher Butler,18
1287,1274,Paul Ford,27
1288,1275,Melissa Donovan,22
1289,1276,Jaime Walters,23
1290,1277,Aaron Wheeler,21
1291,1278,Steven Bell,27
1292,1279,Julia Gates,22
1293,1280,Katelyn Barnes,22
1294,1281,David Roberts,29
1295,1282,Jenna Martinez,30
1296,1283,Michelle Leonard,22
1297,1284,Corey Baker,27
1298,1285,Mark Proctor,21
1299,1286,Steven Johnson,28
1300,1287,Terri Stark,23
1301,1288,Dawn Burns,28
1302,1289,Jessica Alvarado,21
1303,1290,Mary Blair,27
1304,1291,Ashley Smith,19
1305,1292,Richard Ferrell,28
1306,1293,Zachary Lee,29
1307,1294,Mr. Kevin Hoffman,23
1308,1295,Robert Holloway,22
1309,1296,Jacob Gardner,18
1310,1297,Kevin Gomez,30
1311,1298,Angela Baker,25
1312,1299,Glenn Jones,26
1313,1300,Hannah Cardenas,25
1314,1301,John Jackson,24
1315,1302,Colin Armstrong,28
1316,1303,Brent Russell,19
1317,1304,Laura Clarke,30
1318,1305,Karen Wong,27
1319,1306,Brenda Mendoza,27
1320,1307,Albert Christensen,27
1321,1308,James Armstrong,21
1322,1309,Cindy Cordova,22
1323,1310,Jeff Underwood,23
1324,1311,Michelle Mclaughlin,21
1325,1312,James Hill,23
1326,1313,Abigail Hess,27
1327,1314,Julie Cole,30
1328,1315,Carl Bryant,19
1329,1316,Kimberly Chambers,18
1330,1317,Brenda Williams,21
1331,1318,Wanda Douglas,25
1332,1319,Katherine Phelps,27
1333,1320,Monica Garza,30
1334,1321,Heather Lewis,26
1335,1322,Elizabeth Rubio,19
1336,1323,Julie Mills,24
1337,1324,Harry Meadows,29
1338,1325,Kaitlyn Jones,26
1339,1326,Antonio Gibson,25
1340,1327,Jake Martinez,29
1341,1328,Jessica Mcdonald,26
1342,1329,Denise Branch,23
1343,1330,Steven Reid,20
1344,1331,Julie Sparks,19
1345,1332,Nicholas Oliver,21
1346,1333,Jordan Cochran,22
1347,1334,Ryan Liu,23
1348,1335,Jennifer Duncan,18
1349,1336,Brandon Alvarado,26
1350,1337,Jeremy Burns,29
1351,1338,Miss Vanessa Holland,25
1352,1339,Maria Thompson,18
1353,1340,Andrew Scott,25
1354,1341,Daniel Ford,27
1355,1342,Thomas Murray,18
1356,1343,John Eaton,25
1357,1344,Joseph Rodriguez,27
1358,1345,Michael Rice,25
1359,1346,James Chapman,22
1360,1347,Lori Frederick,30
1361,1348,Richard Robles,29
1362,1349,Cameron Mcbride,19
1363,1350,Stephanie Kaiser,18
1364,1351,Juan Hancock,23
1365,1352,Carly Brewer,26
1366,1353,John Harris,23
1367,1354,Steven Nguyen,22
1368,1355,Brian Johnson,20
1369,1356,Christine Bell,23
1370,1357,William Allen,24
1371,1358,Megan Scott,28
1372,1359,Tonya Jones,23
1373,1360,April Wallace,30
1374,1361,Gabriella Lopez,20
1375,1362,Linda Crawford,21
1376,1363,Shawn Kennedy,29
1377,1364,Hector Raymond,24
1378,1365,Cynthia Carroll,26
1379,1366,Sherri Walker,19
1380,1367,Evelyn Johnson,19
1381,1368,Donna Townsend,28
1382,1369,Michael Mckee,25
1383,1370,Courtney Scott,30
1384,1371,Mark King,27
1385,1372,Dalton Johnson,19
1386,1373,Dan Miller,27
1387,1374,Felicia Osborn,22
1388,1375,Christopher Martin,18
1389,1376,Misty Stanley,21
1390,1377,Sonia Knox,22
1391,1378,Julie Moore,19
1392,1379,Xavier Lester,19
1393,1380,Noah Hamilton,22
1394,1381,Jenna Gonzalez,25
1395,1382,Paul Steele,23
1396,1383,Amanda Ramos,29
1397,1384,Michelle Jones,21
1398,1385,Jonathan Anderson,22
1399,1386,Elizabeth Wilson,21
1400,1387,Victoria Barker,22
1401,1388,Kevin Bush,21
1402,1389,Marissa Clark,27
1403,1390,Mr. Joseph Price,19
1404,1391,Patricia Dougherty,18
1405,1392,Michelle Lin,19
1406,1393,David Cox,22
1407,1394,Carrie James,26
1408,1395,Joseph Bernard,28
1409,1396,Amber Mccoy,25
1410,1397,Mark Mitchell,26
1411,1398,Yvonne Stone,20
1412,1399,Daniel Richards,24
1413,1400,John Washington,28
1414,1401,Juan Kerr,25
1415,1402,Caitlin Thomas,20
1416,1403,Jason Flores,28
1417,1404,Calvin Willis,27
1418,1405,Tamara Mora,27
1419,1406,Melvin Green,28
1420,1407,David Finley,26
1421,1408,Amy Gonzalez,24
1422,1409,Hannah Williams,23
1423,1410,William Smith,23
1424,1411,John Kelly,23
1425,1412,Shelley Boyle,28
1426,1413,Colleen Rowe,30
1427,1414,Samantha Schroeder,21
1428,1415,John Allen,20
1429,1416,Melissa Allen,18
1430,1417,Kristen Odom,30
1431,1418,Anna Ramirez,18
1432,1419,Mr. Sean Shea,20
1433,1420,Sandra Harris,20
1434,1421,David Ferrell,20
1435,1422,Arthur Coleman,18
1436,1423,Steven Oliver,25
1437,1424,Curtis Zamora,30
1438,1425,Shannon Robinson,30
1439,1426,Javier Gray,24
1440,1427,Amy Mejia,24
1441,1428,Lindsey Kim,20
1442,1429,Jose Lowe,25
1443,1430,Kimberly Bullock,20
1444,1431,Robert Taylor,30
1445,1432,Matthew Johnson,18
1446,1433,Gavin Espinoza,18
1447,1434,Jill Morgan,22
1448,1435,Kenneth Stephens,29
1449,1436,William Ferguson,28
1450,1437,Laura Dixon,25
1451,1438,Crystal Bryan,22
1452,1439,Aaron Moyer,23
1453,1440,Lee Garcia,28
1454,1441,Meghan Petty,30
1455,1442,Chelsea Parks,18
1456,1443,Robert Gaines,20
1457,1444,Brandon Goodman,27
1458,1445,Amber Acosta,25
1459,1446,Justin Blair,20
1460,1447,Christopher Rice,29
1461,1448,William Bell,22
1462,1449,Joseph Santos,30
1463,1450,Daniel Garcia,28
1464,1451,Karen Glenn,18
1465,1452,Lisa Sanchez,28
1466,1453,Gail Johnson,24
1467,1454,Gary Williamson,19
1468,1455,Charles Evans,24
1469,1456,Mary Travis,22
1470,1457,Nancy Wilson,28
1471,1458,Dawn Wright,21
1472,1459,Christopher Oconnor,25
1473,1460,Gerald Torres,19
1474,1461,Daniel Mills,21
1475,1462,Tyler Flores,21
1476,1463,Elizabeth Mills,19
1477,1464,William Knight,29
1478,1465,Joe Smith,22
1479,1466,Mr. Matthew Francis Jr.,20
1480,1467,Jessica Obrien,24
1481,1468,Steven Romero,26
1482,1469,Christine Torres,19
1483,1470,Brenda Harding,25
1484,1471,Andre Davis,19
1485,1472,Geoffrey Eaton,19
1486,1473,Antonio Hansen,28
1487,1474,Ian Steele,28
1488,1475,Angela Clark,27
1489,1476,Daniel Rodriguez,18
1490,1477,Edward Perez,24
1491,1478,Justin Dickerson,22
1492,1479,Sean Watkins,22
1493,1480,Jeffery Mcconnell,23
1494,1481,James Ward,26
1495,1482,Natasha Lewis,29
1496,1483,Joan Dean,29
1497,1484,Steven Vasquez,28
1498,1485,Janet Lucas,30
1499,1486,Jennifer Rodriguez,29
1500,1487,Chelsey Martin,24
1501,1488,Robert Kane,22
1502,1489,Amy Wilson,26
1503,1490,Kristen Harmon,26
1504,1491,Stephen Martinez,26
1505,1492,Donna Green,24
1506,1493,Gary Warren,30
1507,1494,Jessica Wiggins,24
1508,1495,Beverly Anderson,22
1509,1496,Lisa Jacobs,28
1510,1497,Connie Cummings,25
1511,1498,Christian Ford,21
1512,1499,Bethany Daugherty,27
1513,1500,Stephanie Reid,25
1514,1501,Edward Todd,23
1515,1502,Danielle Taylor,30
1516,1503,Charles Hayes,24
1517,1504,Frederick Mason,29
1518,1505,Gordon Wells,27
1519,1506,Jared Woods,18
1520,1507,Jacob Haas,26
1521,1508,Frances Roach,24
1522,1509,Lauren Miller,23
1523,1510,Patrick Castillo,21
1524,1511,Juan Fisher,25
1525,1512,Tina Graham,19
1526,1513,Richard Griffin,27
1527,1514,Jonathan Gross,18
1528,1515,Katherine Walker,23
1529,1516,Richard Harris,30
1530,1517,Scott Richard,24
1531,1518,Wayne Allen,19
1532,1519,Mario Thompson,23
1533,1520,Michael Byrd,29
1534,1521,Larry Delgado,24
1535,1522,Kathryn Garcia,24
1536,1523,Samuel Jensen Jr.,18
1537,1524,Ryan Allen,19
1538,1525,Ronald Kelley,18
1539,1526,Sherri Johnson,27
1540,1527,Jesse Woodard,26
1541,1528,Charles Mora,29
1542,1529,Alyssa Green,23
1543,1530,Robert Baker,19
1544,1531,Robert Santos,28
1545,1532,Samuel Rice,26
1546,1533,Larry Meyer,28
1547,1534,Lauren Thompson,23
1548,1535,Ray Cook,28
1549,1536,Mrs. Alexandra Vega DVM,29
1550,1537,William Barker,25
1551,1538,Kevin Gardner,18
1552,1539,Aaron Moore,27
1553,1540,Brian Foster,25
1554,1541,Nicole Cole,22
1555,1542,Melanie Lopez,27
1556,1543,Sarah Porter,22
1557,1544,Kristen Perry,22
1558,1545,Todd Johnson,21
1559,1546,Ronnie Graves,21
1560,1547,Ashley Stewart,24
1561,1548,John Lee,30
1562,1549,Michael James,21
1563,1550,Carl Osborne,21
1564,1551,Christine Cruz,25
1565,1552,Travis Cohen,30
1566,1553,Mark Black,29
1567,1554,Kathryn Snyder,30
1568,1555,Sabrina Leach,23
1569,1556,Michael Wood,25
1570,1557,Scott Barber,18
1571,1558,Laura Garcia,25
1572,1559,Joseph Fitzgerald,21
1573,1560,David Alvarez,20
1574,1561,Timothy Baldwin,23
1575,1562,Brenda Perez,20
1576,1563,Lori Randall,22
1577,1564,Michele Lester,20
1578,1565,Erin Maldonado,26
1579,1566,Elizabeth Black,19
1580,1567,Nicole Kim,24
1581,1568,Amy Martinez,19
1582,1569,Taylor Brooks,22
1583,1570,Matthew Hall,26
1584,1571,Chad Heath,20
1585,1572,Cathy Johnson,27
1586,1573,Catherine Chambers,18
1587,1574,Joseph Collins II,25
1588,1575,Renee Alvarez,25
1589,1576,Adam Johnson,28
1590,1577,Susan Yang,20
1591,1578,Brenda Mclaughlin,20
1592,1579,Frank Clark,24
1593,1580,Jordan Cervantes,20
1594,1581,Matthew Montes,22
1595,1582,Ann Harris,24
1596,1583,Anthony Harris,26
1597,1584,Cindy Lewis,22
1598,1585,Kenneth Alexander,25
1599,1586,Brianna Mccarthy,29
1600,1587,Evelyn Powell DDS,26
1601,1588,Krystal Christensen,18
1602,1589,Donna Dominguez,27
1603,1590,Mary Nguyen,20
1604,1591,William Zimmerman,28
1605,1592,Shawn Simon,24
1606,1593,George Steele,18
1607,1594,Willie Buckley,30
1608,1595,Nicholas Clark,28
1609,1596,Elizabeth Jones,26
1610,1597,James King,25
1611,1598,Teresa Bryant,22
1612,1599,Sarah Webster,21
1613,1600,Matthew Harris,29
1614,1601,Darren Villanueva,28
1615,1602,Gregory Hall,21
1616,1603,Katrina Baird,24
1617,1604,Jennifer Williams,28
1618,1605,Matthew Jones,30
1619,1606,Gregory Walsh,29
1620,1607,Deborah Harris,20
1621,1608,Randy Thomas,27
1622,1609,Robert Mckay,27
1623,1610,Catherine Newton,26
1624,1611,Michael Klein,26
1625,1612,Danielle Burch,21
1626,1613,Robin Ward,21
1627,1614,Sherry Beasley,25
1628,1615,Whitney Wilson,28
1629,1616,Carlos Barton,24
1630,1617,Stephanie Cuevas,22
1631,1618,Whitney Baker,24
1632,1619,Danielle Santiago,30
1633,1620,Amber Berry,21
1634,1621,Penny Fox,19
1635,1622,Michael Rodriguez,29
1636,1623,Dr. Johnny Brooks,20
1637,1624,Natasha Ferguson,20
1638,1625,Kristy Lopez,25
1639,1626,Stephanie Williams,26
1640,1627,Patrick Cohen,25
1641,1628,William Gaines,19
1642,1629,Joshua Bond,26
1643,1630,David Winters,25
1644,1631,William Randolph,27
1645,1632,James Morales,23
1646,1633,Michael Kelly,27
1647,1634,Katherine Reed,23
1648,1635,Matthew Liu,23
1649,1636,Kevin Washington,24
1650,1637,Andrea Riggs,22
1651,1638,Michael Richards,19
1652,1639,Cynthia Martin,19
1653,1640,David Vazquez,25
1654,1641,David Mendoza,29
1655,1642,Joshua Miller,26
1656,1643,Lisa Estrada,18
1657,1644,Veronica Ramos,24
1658,1645,Frederick Short,24
1659,1646,Anthony Vaughn,29
1660,1647,Joel Thompson,21
1661,1648,Wesley Juarez,23
1662,1649,Bryan Owens,18
1663,1650,Theresa Johnson,21
1664,1651,Nathan Butler,20
1665,1652,Jennifer Palmer,23
1666,1653,Mary Wood,26
1667,1654,Travis Williams,29
1668,1655,Cindy Ballard,21
1669,1656,Michael Cunningham,20
1670,1657,Kelly Martin,22
1671,1658,Kelly Lee,25
1672,1659,Denise Johnson,27
1673,1660,Wendy Zimmerman,28
1674,1661,Ann Morgan,29
1675,1662,Raymond Taylor,28
1676,1663,Todd Wood,22
1677,1664,Ronald Larson,20
1678,1665,Nathan Williams,18
1679,1666,Andrea Fischer,25
1680,1667,Jeffrey Vargas,27
1681,1668,Christian Bauer,29
1682,1669,Chelsea Schneider,29
1683,1670,Kevin Perez,24
1684,1671,Christopher Joseph,20
1685,1672,Leah Miller,27
1686,1673,John Silva,25
1687,1674,Kevin Smith,22
1688,1675,Marc Alexander,20
1689,1676,Christopher Welch,23
1690,1677,Karen Farrell,19
1691,1678,Rebecca Gutierrez,20
1692,1679,Deborah Paul MD,30
1693,1680,Rachel Rodriguez,18
1694,1681,Lindsay Branch,30
1695,1682,Jennifer Davenport,18
1696,1683,Rachel Herrera,27
1697,1684,Courtney Anderson,26
1698,1685,Joseph Spears,21
1699,1686,Kevin Williams,22
1700,1687,Mark Dixon,23
1701,1688,Johnny Blanchard,27
1702,1689,Natasha Hernandez,23
1703,1690,Jeffery Martin,23
1704,1691,Aaron Wade,18
1705,1692,Benjamin Williams,25
1706,1693,Brandon Kennedy,30
1707,1694,Tyler Odom,26
1708,1695,Kimberly Diaz,26
1709,1696,Mary Morgan,21
1710,1697,Brandon Coleman,30
1711,1698,Michael Holt,20
1712,1699,Phyllis Gilmore,18
1713,1700,Amy Goodman,21
1714,1701,Jack Lopez Jr.,26
1715,1702,Chad Solomon,18
1716,1703,Tina Hall,28
1717,1704,John Moon,27
1718,1705,Shelby Sanchez,25
1719,1706,Gina Gates,30
1720,1707,Melissa Johnson,26
1721,1708,Jennifer Dudley,25
1722,1709,Amanda Ryan,26
1723,1710,Crystal Russell,23
1724,1711,Brian Johnston,21
1725,1712,Samuel Walsh,27
1726,1713,Allen Johnson,24
1727,1714,Carolyn Holland,29
1728,1715,Brian Holder,26
1729,1716,Debra Conner,28
1730,1717,Annette Gordon,19
1731,1718,Angel Brooks,26
1732,1719,Caroline Bond,22
1733,1720,Anthony Carroll,26
1734,1721,Jeremy Reynolds,18
1735,1722,Cynthia Huerta,19
1736,1723,Dalton Howe,29
1737,1724,Ashley Tyler,26
1738,1725,Dillon Nunez,30
1739,1726,Brenda Flores,30
1740,1727,Johnny Hebert,21
1741,1728,Amy Craig,21
1742,1729,John Ford,29
1743,1730,Linda Beck,20
1744,1731,Robert Kaiser,20
1745,1732,Jack Ramos,27
1746,1733,Jessica Oliver,27
1747,1734,Melanie Gray,18
1748,1735,Robert Fuller,29
1749,1736,Richard Bailey,29
1750,1737,Lawrence Lucas,23
1751,1738,Christian Robertson,25
1752,1739,Lisa Douglas,24
1753,1740,Michael Herrera,26
1754,1741,Tonya Pittman,29
1755,1742,Jerry Collier,23
1756,1743,Ariel White,30
1757,1744,Kristen Schneider,19
1758,1745,Juan Osborn,26
1759,1746,Mrs. Susan Rowe,29
1760,1747,Jessica Gates,28
1761,1748,Michael Anderson,23
1762,1749,Dawn Mcgee,27
1763,1750,Kimberly Thomas,21
1764,1751,Kelly Simpson,27
1765,1752,Tommy Stewart,24
1766,1753,William Williams,19
1767,1754,Robert Branch,24
1768,1755,Anthony Perez,24
1769,1756,Austin Elliott,23
1770,1757,Hailey Sullivan,23
1771,1758,Tami Scott,22
1772,1759,Aaron Perez,24
1773,1760,Margaret Mccullough,23
1774,1761,Larry Jenkins,19
1775,1762,Robert Evans,23
1776,1763,Tina Howard,22
1777,1764,Anthony Hoffman,29
1778,1765,Bryan Watson,19
1779,1766,Taylor Farrell,19
1780,1767,Michelle Williams,26
1781,1768,Nathan Rice,27
1782,1769,Christopher Watts,19
1783,1770,Kelly Kim,20
1784,1771,Sandy Wright,27
1785,1772,Kristina Ford,21
1786,1773,Anthony Stone,27
1787,1774,Dr. John Sanchez Jr.,24
1788,1775,Kristie Rodgers,30
1789,1776,Adrian Sanders,18
1790,1777,Cesar Taylor,20
1791,1778,Bailey Walker,28
1792,1779,Christopher Peck,21
1793,1780,John Michael,23
1794,1781,Kristen Gibson,21
1795,1782,Eric Bush,28
1796,1783,Zachary Carr,18
1797,1784,John Allen,26
1798,1785,Kevin Herman,25
1799,1786,Bryan Dudley,27
1800,1787,Donald Villanueva,26
1801,1788,Justin Rangel,23
1802,1789,Stephen Thompson,21
1803,1790,Jennifer Ross,18
1804,1791,Luke Bell,19
1805,1792,Joshua Walker,22
1806,1793,Michelle Branch,27
1807,1794,Jacqueline Wilson,28
1808,1795,Amanda Smith,24
1809,1796,Michael Simmons,25
1810,1797,Joseph Hartman,25
1811,1798,Rachel Harris,26
1812,1799,Cynthia Coleman,26
1813,1800,Elizabeth Crawford,20
1814,1801,Cynthia Wallace,18
1815,1802,Brian Spencer,29
1816,1803,Jason Griffin,20
1817,1804,Taylor Cox,27
1818,1805,Chad Delgado,20
1819,1806,Andrea Moore,20
1820,1807,Bryan Montoya,19
1821,1808,Erin Duffy,22
1822,1809,William Dunlap,24
1823,1810,Steven Moyer,27
1824,1811,Jill Graham,29
1825,1812,Nancy Arroyo,30
1826,1813,Tina Moore,19
1827,1814,Thomas Choi,18
1828,1815,Ms. Rachel Beasley,21
1829,1816,Brittany Villanueva,24
1830,1817,John Hamilton,28
1831,1818,Lisa Shelton,23
1832,1819,Audrey Cortez,27
1833,1820,Christopher Kim,24
1834,1821,Jillian David,18
1835,1822,Eugene Joseph,22
1836,1823,Dakota Wang,29
1837,1824,Mark Stark,20
1838,1825,Alyssa Erickson,28
1839,1826,Amber Simmons,21
1840,1827,Robert Kirby,20
1841,1828,Johnathan Charles,23
1842,1829,Kevin Lopez,26
1843,1830,Amanda Frazier,19
1844,1831,James Dunlap,22
1845,1832,Mary Mann,30
1846,1833,Samuel Wallace,23
1847,1834,Matthew Calderon,23
1848,1835,Larry Barnes,27
1849,1836,Jennifer Potter,30
1850,1837,Tiffany Wilson,28
1851,1838,Joseph Caldwell,19
1852,1839,Brian Moore,19
1853,1840,Emily Cook,24
1854,1841,Michael Davis,20
1855,1842,Janice Nguyen,23
1856,1843,Justin Moreno,26
1857,1844,Stephanie Bell,21
1858,1845,Gary Ho,25
1859,1846,Charles Williams,30
1860,1847,Cynthia Crawford,24
1861,1848,Timothy Powell,19
1862,1849,Tina Mora,26
1863,1850,Debra Collins,30
1864,1851,Cristina Lee,29
1865,1852,Elizabeth Rodriguez,30
1866,1853,Patricia Huffman,19
1867,1854,Samantha Stevens,23
1868,1855,Justin Hernandez,22
1869,1856,Edward Rodriguez,20
1870,1857,Mark Wilson,27
1871,1858,Ms. Lauren Benson MD,30
1872,1859,Antonio Williams,25
1873,1860,Jacqueline Keller,29
1874,1861,Jacob Schmitt,29
1875,1862,Savannah James,27
1876,1863,Daniel Owen,21
1877,1864,Charles Davis,28
1878,1865,Alexis Richardson,29
1879,1866,Dawn Summers,20
1880,1867,Dr. Jill Cabrera,25
1881,1868,Sara Snyder,27
1882,1869,Mary Burke,21
1883,1870,Robin Mata,25
1884,1871,Steven Moore,21
1885,1872,Richard Harris,21
1886,1873,Robert Jenkins,27
1887,1874,Jennifer Wilson,27
1888,1875,Gregory Hoffman,19
1889,1876,Alexander Collins,24
1890,1877,Justin Lindsey,25
1891,1878,Elizabeth Thomas,22
1892,1879,Harold Garcia,28
1893,1880,Daniel Sutton,26
1894,1881,Scott Chambers,24
1895,1882,Lawrence Martin,19
1896,1883,Carla Hopkins,20
1897,1884,Stephanie Galloway,30
1898,1885,Benjamin Peters,27
1899,1886,Thomas Hall,20
1900,1887,Carrie Carpenter,25
1901,1888,Lawrence Perez,28
1902,1889,Fred Lewis,27
1903,1890,Matthew Simmons,20
1904,1891,Nicholas Roth,23
1905,1892,Daniel Miller,18
1906,1893,Kimberly Hayden,25
1907,1894,Kelly Evans,26
1908,1895,Amy Flynn,29
1909,1896,Joshua Braun,25
1910,1897,Kim Thomas,28
1911,1898,Timothy Torres,22
1912,1899,John Salinas,24
1913,1900,David Palmer,30
1914,1901,Nathaniel Chaney,19
1915,1902,Carrie Brown,28
1916,1903,Ronald Young,21
1917,1904,Ryan Page,29
1918,1905,Johnathan Mendez,22
1919,1906,Hannah Stanton,19
1920,1907,Suzanne Hanna,25
1921,1908,Eric Chavez,19
1922,1909,David Mckay,25
1923,1910,Alyssa Wilson,24
1924,1911,Christopher Sanders,19
1925,1912,Stephanie Hodges,24
1926,1913,Aaron Stevens,21
1927,1914,Peter Green,22
1928,1915,Harold Boyd,22
1929,1916,Stephanie Walter,19
1930,1917,Jacob Martinez,29
1931,1918,David Griffin,24
1932,1919,Patrick Brown,22
1933,1920,Michael Terry,30
1934,1921,Ashley Cox,19
1935,1922,Jennifer Peterson,24
1936,1923,Justin Zavala,21
1937,1924,Richard Young,25
1938,1925,Linda Kaiser,25
1939,1926,Gail Boyd,18
1940,1927,Tonya White,29
1941,1928,Lisa Scott,29
1942,1929,Danielle Best,26
1943,1930,Lisa Harrell,28
1944,1931,Phillip Adkins,30
1945,1932,Brad Huang,29
1946,1933,Richard Thomas,20
1947,1934,Justin Christian,20
1948,1935,Michael Jackson,23
1949,1936,Brandon Carrillo,30
1950,1937,Rachel Anderson,28
1951,1938,Nathan Finley,25
1952,1939,Nathan Castaneda,29
1953,1940,Michael Crane,28
1954,1941,Tammie Smith,18
1955,1942,Mary Snyder,18
1956,1943,John Edwards,23
1957,1944,Sandra Allison,18
1958,1945,Carlos Jenkins,26
1959,1946,Donna Gordon,27
1960,1947,Barry Silva,20
1961,1948,Mark Price,30
1962,1949,Jason James,18
1963,1950,Christine Clark,22
1964,1951,Janet Herrera,18
1965,1952,Robert Smith Jr.,28
1966,1953,Thomas Collins,25
1967,1954,Tiffany Townsend,22
1968,1955,Nicole Daniels,19
1969,1956,Andrew Garcia,29
1970,1957,Charles Watson,24
1971,1958,John Manning,18
1972,1959,Derrick Martin,30
1973,1960,Kenneth Adams,18
1974,1961,Elizabeth Nolan,23
1975,1962,Alexandra Burch,23
1976,1963,Robert Moore,18
1977,1964,Jessica Walker,29
1978,1965,Janet Waters,26
1979,1966,Brian Roberts,23
1980,1967,Kathleen Harris,26
1981,1968,Kendra Lang,26
1982,1969,Christina Camacho MD,22
1983,1970,William Jacobs,24
1984,1971,Amber Cox,20
1985,1972,Erik Jones,28
1986,1973,Jonathan Lopez,20
1987,1974,Brian Ramos,20
1988,1975,Jenna Miller,30
1989,1976,Drew Ortiz,21
1990,1977,Jason Lewis,28
1991,1978,Austin Lee,24
1992,1979,Mark Jenkins,22
1993,1980,Kathryn Johnson,25
1994,1981,Michael Drake,20
1995,1982,Joseph Galvan,18
1996,1983,Maria Crosby,23
1997,1984,Courtney Estrada,26
1998,1985,Shane Burke,23
1999,1986,Javier Galloway,25
2000,1987,Ashley Conrad,30
2001,1988,Robert Larsen,20
2002,1989,Ms. Jessica Miller,25
2003,1990,Samuel Franklin,19
2004,1991,Cheryl Weaver,22
2005,1992,Robyn Robinson,30
2006,1993,Raymond Johnson,18
2007,1994,Patricia Jacobs,27
2008,1995,John Fox,20
2009,1996,Joseph Castillo,20
2010,1997,Brian Thomas,20
2011,1998,Jessica Thomas,29
2012,1999,Darlene Allen,24
2013,2000,Nicholas Phillips,22
2014,1,Andrew Kim,36
2015,2,Brenda Cooper,28
2016,3,Tina Snow,44
2017,4,Paula Long,59
2018,5,Benjamin Williams,44
2019,6,Melanie Schaefer,33
2020,7,Gregory Miller,53
2021,8,Brandon Johnson,53
2022,9,Angela Cochran,36
2023,10,Rodney Little,43
2024,11,Mason Delgado,31
2025,12,Anthony Cobb,25
2026,13,Catherine Brewer,33
2027,14,Tyler Warner,55
2028,15,Mario Marks,40
2029,16,Thomas Buchanan,49
2030,17,Justin Underwood,53
2031,18,Marissa Sanchez,26
2032,19,Matthew Ellis,51
2033,20,Jennifer James,57
2034,21,Todd Guerrero,49
2035,22,Henry Baker,54
2036,23,Michael Myers,45
2037,24,William Anderson,41
2038,25,Alan Green,40
2039,26,James Davis,58
2040,27,Eddie Patterson,27
2041,28,Valerie Diaz,51
2042,29,Terry Townsend,37
2043,30,Nicole Johnson,59
2044,31,Robert Bell,39
2045,32,Katherine Brown,59
2046,33,Brian Yu,45
2047,34,Dennis Thomas,57
2048,35,Natalie Lambert,53
2049,36,Joshua Wright,32
2050,37,Steven Schmitt,55
2051,38,Caroline Cooper,38
2052,39,Mr. David White MD,58
2053,40,Emily Morse,60
2054,41,Anne Lopez,57
2055,42,Alice Hampton,44
2056,43,Darren Baker,56
2057,44,Michelle Kelly,59
2058,45,Robert West,35
2059,46,Kevin Wheeler,28
2060,47,Morgan Hill,38
2061,48,Roberto Thompson,45
2062,49,Bryan Kelley,41
2063,50,Erin Moreno,39
2064,51,John Martin,31
2065,52,Charles Olsen,54
2066,53,Francisco Hill,41
2067,54,James Duke,50
2068,55,Jason Reilly,35
2069,56,Edward Allen,46
2070,57,John Wallace,25
2071,58,Julie Stone,31
2072,59,Scott Weber,30
2073,60,Joseph Hughes,47
2074,61,Joshua Wright,58
2075,62,Karina Hughes,53
2076,63,Caitlin Sanchez,52
2077,64,Vicki Barrera,31
2078,65,Shawn Goodman,55
2079,66,Carla Brewer DVM,26
2080,67,Christopher Smith,53
2081,68,Emily Durham,46
2082,69,Tyler Young,45
2083,70,Michael Hall,46
2084,71,Roberto Rodriguez,38
2085,72,Charles Olson,56
2086,73,Ashley Bradshaw,46
2087,74,Kimberly Santos,44
2088,75,Bryan Weeks,51
2089,76,Jonathan Klein,60
2090,77,Jason Hayes,30
2091,78,Julia Sanchez,25
2092,79,Richard Fisher,56
2093,80,Laura Thompson,36
2094,81,David Carter,55
2095,82,Mr. Dustin Lopez,48
2096,83,Carla Beasley,55
2097,84,Kathleen Bennett,34
2098,85,Susan Fox,39
2099,86,Christopher Strong,54
2100,87,Matthew Johnson MD,53
2101,88,Elizabeth Parker,27
2102,89,Maurice Brown,35
2103,90,Ethan Coleman,42
2104,91,Terry Warner,40
2105,92,David Jones,51
2106,93,Amy Mcgee,31
2107,94,Lisa Wilson,29
2108,95,Julie Shannon,35
2109,96,Kimberly Park,35
2110,97,Elizabeth Hays,37
2111,98,Juan Jackson,53
2112,99,John Baker,55
2113,100,Charles Klein,39
