roll_no,name,age
001,Andrew Kim,36
002,Brenda Cooper,28
003,Tina Snow,44
004,Paula Long,59
005,Benjamin Williams,44
006,Melanie Schaefer,33
007,Gregory Miller,53
008,Brandon Johnson,53
009,Angela Cochran,36
010,Rodney Little,43
011,Mason Delgado,31
012,Anthony Cobb,25
013,Catherine Brewer,33
014,Tyler Warner,55
015,Mario Marks,40
016,Thomas Buchanan,49
017,Justin Underwood,53
018,Marissa Sanchez,26
019,Matthew Ellis,51
020,Jennifer James,57
021,Todd Guerrero,49
022,Henry Baker,54
023,Michael Myers,45
024,William Anderson,41
025,Alan Green,40
026,James Davis,58
027,Eddie Patterson,27
028,Valerie Diaz,51
029,Terry Townsend,37
030,Nicole Johnson,59
031,Robert Bell,39
032,Katherine Brown,59
033,Brian Yu,45
034,Dennis Thomas,57
035,Natalie Lambert,53
036,Joshua Wright,32
037,Steven Schmitt,55
038,Caroline Cooper,38
039,Mr. David White MD,58
040,Emily Morse,60
041,Anne Lopez,57
042,Alice Hampton,44
043,Darren Baker,56
044,Michelle Kelly,59
045,Robert West,35
046,Kevin Wheeler,28
047,Morgan Hill,38
048,Roberto Thompson,45
049,Bryan Kelley,41
050,Erin Moreno,39
051,John Martin,31
052,Charles Olsen,54
053,Francisco Hill,41
054,James Duke,50
055,Jason Reilly,35
056,Edward Allen,46
057,John Wallace,25
058,Julie Stone,31
059,Scott Weber,30
060,Joseph Hughes,47
061,Joshua Wright,58
062,Karina Hughes,53
063,Caitlin Sanchez,52
064,Vicki Barrera,31
065,Shawn Goodman,55
066,Carla Brewer DVM,26
067,Christopher Smith,53
068,Emily Durham,46
069,Tyler Young,45
070,Michael Hall,46
071,Roberto Rodriguez,38
072,Charles Olson,56
073,Ashley Bradshaw,46
074,Kimberly Santos,44
075,Bryan Weeks,51
076,Jonathan Klein,60
077,Jason Hayes,30
078,Julia Sanchez,25
079,Richard Fisher,56
080,Laura Thompson,36
081,David Carter,55
082,Mr. Dustin Lopez,48
083,Carla Beasley,55
084,Kathleen Bennett,34
085,Susan Fox,39
086,Christopher Strong,54
087,Matthew Johnson MD,53
088,Elizabeth Parker,27
089,Maurice Brown,35
090,Ethan Coleman,42
091,Terry Warner,40
092,David Jones,51
093,Amy Mcgee,31
094,Lisa Wilson,29
095,Julie Shannon,35
096,Kimberly Park,35
097,Elizabeth Hays,37
098,Juan Jackson,53
099,John Baker,55
100,Charles Klein,39
